Player_id,NAME,Player_position,TEAM, SALARY 
1,Stephen Curry, PG,Golden State Warriors," $45,780,966.00 "
2,James Harden, SG,Philadelphia 76ers," $44,310,840.00 "
3,John Wall, PG,Houston Rockets," $44,310,840.00 "
4,Russell Westbrook, PG,Los Angeles Lakers," $44,211,146.00 "
5,Kevin Durant, PF,Brooklyn Nets," $42,018,900.00 "
6,LeBron James, SF,Los Angeles Lakers," $41,180,544.00 "
7,Giannis Antetokounmpo, PF,Milwaukee Bucks," $39,344,970.00 "
8,Damian Lillard, PG,Portland Trail Blazers," $39,344,900.00 "
9,Kawhi Leonard, SF,LA Clippers," $39,344,900.00 "
10,Paul George, F,LA Clippers," $39,344,900.00 "
11,Klay Thompson, SG,Golden State Warriors," $37,980,720.00 "
12,Jimmy Butler, SF,Miami Heat," $36,016,200.00 "
13,Tobias Harris, PF,Philadelphia 76ers," $35,995,950.00 "
14,Khris Middleton, SF,Milwaukee Bucks," $35,500,000.00 "
15,Anthony Davis, PF,Los Angeles Lakers," $35,361,360.00 "
16,Rudy Gobert, C,Utah Jazz," $35,344,828.00 "
17,Kyrie Irving, PG,Brooklyn Nets," $35,328,700.00 "
18,Bradley Beal, SG,Washington Wizards," $33,724,200.00 "
19,Pascal Siakam, PF,Toronto Raptors," $33,003,936.00 "
20,Ben Simmons, PG,Brooklyn Nets," $33,003,936.00 "
21,Jrue Holiday, PG,Milwaukee Bucks," $32,413,333.00 "
22,Kristaps Porzingis, C,Washington Wizards," $31,650,600.00 "
23,Devin Booker, SG,Phoenix Suns," $31,650,600.00 "
24,Karl-Anthony Towns, C,Minnesota Timberwolves," $31,650,600.00 "
25,Joel Embiid, C,Philadelphia 76ers," $31,579,390.00 "
26,Andrew Wiggins, SF,Golden State Warriors," $31,579,390.00 "
27,Nikola Jokic, C,Denver Nuggets," $31,579,390.00 "
28,Kevin Love, PF,Cleveland Cavaliers," $31,258,256.00 "
29,CJ McCollum, SG,New Orleans Pelicans," $30,864,198.00 "
30,D'Angelo Russell, PG,Minnesota Timberwolves," $30,013,500.00 "
31,Chris Paul, PG,Phoenix Suns," $30,000,000.00 "
32,Gordon Hayward, SF,Charlotte Hornets," $29,925,000.00 "
33,Jamal Murray, PG,Denver Nuggets," $29,467,800.00 "
34,Brandon Ingram, SF,New Orleans Pelicans," $29,467,800.00 "
35,De'Aaron Fox, PG,Sacramento Kings," $28,103,550.00 "
36,Bam Adebayo, C,Miami Heat," $28,103,500.00 "
37,Donovan Mitchell, SG,Utah Jazz," $28,103,500.00 "
38,Jayson Tatum, SF,Boston Celtics," $28,103,500.00 "
39,Al Horford, C,Boston Celtics," $27,000,000.00 "
40,Kyle Lowry, PG,Miami Heat," $26,894,128.00 "
41,Jaylen Brown, SG,Boston Celtics," $26,758,928.00 "
42,DeMar DeRozan, SF,Chicago Bulls," $26,000,000.00 "
43,Draymond Green, PF,Golden State Warriors," $24,026,712.00 "
44,Nikola Vucevic, C,Chicago Bulls," $24,000,000.00 "
45,John Collins, PF,Atlanta Hawks," $23,000,000.00 "
46,Buddy Hield, SG,Indiana Pacers," $22,768,890.00 "
47,Julius Randle, PF,New York Knicks," $21,780,000.00 "
48,Malcolm Brogdon, PG,Indiana Pacers," $21,700,000.00 "
49,Tim Hardaway Jr., SF,Dallas Mavericks," $21,308,816.00 "
50,Mike Conley, PG,Utah Jazz," $21,000,000.00 "
51,Gary Harris, SG,Orlando Magic," $20,482,143.00 "
52,Danilo Gallinari, PF,Atlanta Hawks," $20,475,000.00 "
53,Harrison Barnes, SF,Sacramento Kings," $20,284,091.00 "
54,Jerami Grant, SF,Detroit Pistons," $20,002,500.00 "
55,Jarrett Allen, C,Cleveland Cavaliers," $20,000,000.00 "
56,Domantas Sabonis, PF,Sacramento Kings," $19,800,000.00 "
57,Fred VanVleet, SG,Toronto Raptors," $19,675,926.00 "
58,Zach LaVine, SG,Chicago Bulls," $19,500,000.00 "
59,Bojan Bogdanovic, SF,Utah Jazz," $18,700,000.00 "
60,Lonzo Ball, PG,Chicago Bulls," $18,604,651.00 "
61,Clint Capela, C,Atlanta Hawks," $18,603,448.00 "
62,Eric Gordon, SG,Houston Rockets," $18,218,818.00 "
63,Eric Bledsoe, SG,LA Clippers," $18,125,000.00 "
64,Myles Turner, C,Indiana Pacers," $18,000,000.00 "
65,Bogdan Bogdanovic, SG,Atlanta Hawks," $18,000,000.00 "
66,Terry Rozier, SG,Charlotte Hornets," $17,905,263.00 "
67,Ricky Rubio, PG,Cleveland Cavaliers," $17,800,000.00 "
68,Caris LeVert, SG,Cleveland Cavaliers," $17,500,000.00 "
69,Jonathan Isaac, PF,Orlando Magic," $17,400,000.00 "
70,Joe Harris, SF,Brooklyn Nets," $17,357,143.00 "
71,Spencer Dinwiddie, PG,Dallas Mavericks," $17,142,857.00 "
72,Steven Adams, C,Memphis Grizzlies," $17,073,171.00 "
73,Evan Fournier, SG,New York Knicks," $17,000,000.00 "
74,Markelle Fultz, PG,Orlando Magic," $16,500,000.00 "
75,Aaron Gordon, PF,Denver Nuggets," $16,409,091.00 "
76,O.G. Anunoby, SF,Toronto Raptors," $16,071,429.00 "
77,Gary Trent Jr., SG,Toronto Raptors," $16,000,000.00 "
78,Davis Bertans, SF,Dallas Mavericks," $16,000,000.00 "
79,Lauri Markkanen, PF,Cleveland Cavaliers," $15,690,909.00 "
80,Duncan Robinson, F,Miami Heat," $15,650,000.00 "
81,Marcus Morris Sr., SF,LA Clippers," $15,627,907.00 "
82,Will Barton, G,Denver Nuggets," $15,625,000.00 "
83,Norman Powell, G,LA Clippers," $15,517,241.00 "
84,Dejounte Murray, SG,San Antonio Spurs," $15,428,880.00 "
85,Derrick White, PG,Boston Celtics," $15,178,571.00 "
86,Malik Beasley, SG,Minnesota Timberwolves," $14,491,964.00 "
87,Marcus Smart, PG,Boston Celtics," $14,339,285.00 "
88,Patrick Beverley, PG,Minnesota Timberwolves," $14,320,988.00 "
89,Thaddeus Young, PF,Toronto Raptors," $14,190,000.00 "
90,Jonas Valanciunas, C,New Orleans Pelicans," $14,000,000.00 "
91,Doug McDermott, SF,San Antonio Spurs," $13,750,000.00 "
92,Christian Wood, F,Houston Rockets," $13,666,667.00 "
93,Derrick Rose, PG,New York Knicks," $13,445,120.00 "
94,Luke Kennard, SG,LA Clippers," $13,347,727.00 "
95,Brook Lopez, C,Milwaukee Bucks," $13,302,325.00 "
96,Kentavious Caldwell-Pope, SG,Washington Wizards," $13,038,862.00 "
97,Joe Ingles, SG,Utah Jazz," $13,036,364.00 "
98,Kyle Kuzma, SF,Washington Wizards," $13,000,000.00 "
99,Taurean Prince, PF,Minnesota Timberwolves," $13,000,000.00 "
100,Robert Covington, PF,LA Clippers," $12,975,471.00 "
101,T.J. Warren, SF,Phoenix Suns," $12,690,000.00 "
102,Deandre Ayton, C,Phoenix Suns," $12,632,950.00 "
103,Terrence Ross, G,Orlando Magic," $12,500,000.00 "
104,Jordan Clarkson, PG,Utah Jazz," $12,420,000.00 "
105,Dillon Brooks, SF,Memphis Grizzlies," $12,200,000.00 "
106,Kelly Olynyk, PF,Detroit Pistons," $12,195,122.00 "
107,Kelly Oubre Jr., SG,Charlotte Hornets," $12,000,000.00 "
108,Jusuf Nurkic, C,Portland Trail Blazers," $12,000,000.00 "
109,Josh Hart, SG,Portland Trail Blazers," $12,000,000.00 "
110,Josh Richardson, SG,San Antonio Spurs," $11,615,328.00 "
111,Marvin Bagley III, PF,Detroit Pistons," $11,312,114.00 "
112,Dwight Powell, C,Dallas Mavericks," $11,080,125.00 "
113,Devonte' Graham, PG,New Orleans Pelicans," $11,000,000.00 "
114,Zion Williamson, PF,New Orleans Pelicans," $10,733,400.00 "
115,Larry Nance Jr., PF,New Orleans Pelicans," $10,690,909.00 "
116,Jeremy Lamb, SG,Sacramento Kings," $10,500,000.00 "
117,Richaun Holmes, F,Sacramento Kings," $10,384,500.00 "
118,Reggie Jackson, PG,LA Clippers," $10,384,500.00 "
119,Anthony Edwards, SG,Minnesota Timberwolves," $10,245,480.00 "
120,Luka Doncic, PG,Dallas Mavericks," $10,174,391.00 "
121,Cade Cunningham, PG,Detroit Pistons," $10,050,120.00 "
122,Tomas Satoransky, SG,Washington Wizards," $10,000,000.00 "
123,Danny Green, F,Philadelphia 76ers," $10,000,000.00 "
124,Kyle Anderson, SF,Memphis Grizzlies," $9,937,150.00 "
125,Montrezl Harrell, C,Charlotte Hornets," $9,720,900.00 "
126,Jae Crowder, PF,Phoenix Suns," $9,720,900.00 "
127,Serge Ibaka, F,Milwaukee Bucks," $9,720,900.00 "
128,Derrick Jones Jr., SF,Chicago Bulls," $9,720,900.00 "
129,Derrick Favors, F,Oklahoma City Thunder," $9,720,900.00 "
130,Ja Morant, PG,Memphis Grizzlies," $9,603,360.00 "
131,Alec Burks, SG,New York Knicks," $9,536,000.00 "
132,Reggie Bullock, SF,Dallas Mavericks," $9,536,000.00 "
133,Talen Horton-Tucker, SG,Los Angeles Lakers," $9,500,000.00 "
134,Mason Plumlee, C,Charlotte Hornets," $9,248,333.00 "
135,Jaren Jackson Jr., PF,Memphis Grizzlies," $9,180,560.00 "
136,James Wiseman, C,Detroit Pistons," $9,166,800.00 "
137,Jalen Green, SG,Houston Rockets," $8,992,200.00 "
138,Maxi Kleber, PF,Dallas Mavericks," $8,975,000.00 "
139,De'Anthony Melton, SG,Memphis Grizzlies," $8,805,976.00 "
140,Royce O'Neale, PF,Utah Jazz," $8,800,000.00 "
141,Jakob Poeltl, C,San Antonio Spurs," $8,750,000.00 "
142,Kemba Walker, PG,New York Knicks," $8,729,020.00 "
143,Thomas Bryant, C,Washington Wizards," $8,666,667.00 "
144,Alex Caruso, SG,Chicago Bulls," $8,650,651.00 "
145,RJ Barrett, SG,New York Knicks," $8,623,920.00 "
146,Delon Wright, SG,Atlanta Hawks," $8,526,316.00 "
147,Dario Saric, PF,Oklahoma City Thunder," $8,510,000.00 "
148,Monte Morris, PG,Denver Nuggets," $8,449,074.00 "
149,Tyus Jones, PG,Memphis Grizzlies," $8,376,286.00 "
150,Trae Young, PG,Atlanta Hawks," $8,326,471.00 "
151,Daniel Theis, C,Boston Celtics," $8,280,351.00 "
152,LaMelo Ball, PG,Charlotte Hornets," $8,231,760.00 "
153,Seth Curry, SG,Brooklyn Nets," $8,207,518.00 "
154,JaMychal Green, F,Denver Nuggets," $8,200,000.00 "
155,Cedi Osman, SF,Cleveland Cavaliers," $8,133,334.00 "
156,Evan Mobley, PF,Cleveland Cavaliers," $8,075,160.00 "
157,Nerlens Noel, C,New York Knicks," $8,000,000.00 "
158,De'Andre Hunter, SF,Atlanta Hawks," $7,775,400.00 "
159,Mo Bamba, C,Orlando Magic," $7,568,743.00 "
160,Ivica Zubac, C,LA Clippers," $7,518,518.00 "
161,T.J. McConnell, PG,Indiana Pacers," $7,500,000.00 "
162,Patrick Williams, PF,Chicago Bulls," $7,422,000.00 "
163,Aron Baynes, C,Toronto Raptors," $7,350,000.00 "
164,Scottie Barnes, SF,Toronto Raptors," $7,280,520.00 "
165,Darius Garland, PG,Cleveland Cavaliers," $7,040,880.00 "
166,Chris Boucher, PF,Toronto Raptors," $7,020,000.00 "
167,Zach Collins, PF,San Antonio Spurs," $7,000,000.00 "
168,P.J. Tucker, PF,Miami Heat," $7,000,000.00 "
169,Wendell Carter Jr., C,Orlando Magic," $6,920,027.00 "
170,Juancho Hernangomez, PF,Utah Jazz," $6,907,815.00 "
171,Isaac Okoro, SF,Cleveland Cavaliers," $6,720,720.00 "
172,Jalen Suggs, SG,Orlando Magic," $6,593,040.00 "
173,Cameron Payne, PG,Phoenix Suns," $6,500,000.00 "
174,Collin Sexton, PG,Cleveland Cavaliers," $6,439,671.00 "
175,Jarrett Culver, G,Memphis Grizzlies," $6,395,160.00 "
176,Khem Birch, C,Toronto Raptors," $6,350,000.00 "
177,Onyeka Okongwu, PF,Atlanta Hawks," $6,104,280.00 "
178,Justin Holiday, SF,Sacramento Kings," $6,006,420.00 "
179,Josh Giddey, SG,Oklahoma City Thunder," $5,988,000.00 "
180,Rudy Gay, SF,Utah Jazz," $5,890,000.00 "
181,Patty Mills, PG,Brooklyn Nets," $5,890,000.00 "
182,Dennis Schroder, PG,Houston Rockets," $5,890,000.00 "
183,Kevin Knox II, SF,Atlanta Hawks," $5,845,979.00 "
184,Coby White, PG,Chicago Bulls," $5,837,760.00 "
185,Killian Hayes, PG,Detroit Pistons," $5,572,680.00 "
186,Mikal Bridges, SF,Phoenix Suns," $5,557,725.00 "
187,Shai Gilgeous-Alexander, PG,Oklahoma City Thunder," $5,495,532.00 "
188,Jonathan Kuminga, PF,Golden State Warriors," $5,466,360.00 "
189,Miles Bridges, SF,Charlotte Hornets," $5,421,493.00 "
190,Jaxson Hayes, C,New Orleans Pelicans," $5,348,280.00 "
191,Pat Connaughton, SG,Milwaukee Bucks," $5,333,334.00 "
192,Michael Porter Jr., SF,Denver Nuggets," $5,258,735.00 "
193,Hamidou Diallo, SG,Detroit Pistons," $5,200,000.00 "
194,Kevon Looney, F,Golden State Warriors," $5,178,572.00 "
195,Troy Brown Jr., SF,Chicago Bulls," $5,170,564.00 "
196,Obi Toppin, PF,New York Knicks," $5,105,160.00 "
197,Franz Wagner, SF,Orlando Magic," $5,007,840.00 "
198,Josh Jackson, SG,Sacramento Kings," $5,005,350.00 "
199,Kris Dunn, G,Portland Trail Blazers," $5,005,350.00 "
200,Kendrick Nunn, G,Washington Wizards," $5,000,000.00 "
201,Dante Exum, PG,Houston Rockets," $5,000,000.00 "
202,JaVale McGee, C,Phoenix Suns," $5,000,000.00 "
203,Robin Lopez, C,Orlando Magic," $5,000,000.00 "
204,Lou Williams, SG,Atlanta Hawks," $5,000,000.00 "
205,Rui Hachimura, PF,Washington Wizards," $4,916,160.00 "
206,Taj Gibson, F,New York Knicks," $4,910,000.00 "
207,Cory Joseph, PG,Detroit Pistons," $4,910,000.00 "
208,Garrett Temple, SF,New Orleans Pelicans," $4,910,000.00 "
209,Torrey Craig, SF,Phoenix Suns," $4,878,049.00 "
210,Bruce Brown, SF,Brooklyn Nets," $4,736,102.00 "
211,Deni Avdija, SF,Washington Wizards," $4,692,840.00 "
212,Donte DiVincenzo, SG,Sacramento Kings," $4,675,830.00 "
213,Cam Reddish, SF,New York Knicks," $4,670,160.00 "
214,David Nwaba, SF,Houston Rockets," $4,650,000.00 "
215,Furkan Korkmaz, SG,Philadelphia 76ers," $4,629,630.00 "
216,Davion Mitchell, PG,Sacramento Kings," $4,603,320.00 "
217,Bryn Forbes, SG,Denver Nuggets," $4,500,000.00 "
218,Ish Smith, PG,Washington Wizards," $4,500,000.00 "
219,Jeff Green, PF,Denver Nuggets," $4,500,000.00 "
220,Jalen Smith, PF,Indiana Pacers," $4,458,000.00 "
221,Lonnie Walker IV, G,San Antonio Spurs," $4,447,896.00 "
222,Cameron Johnson, SF,Phoenix Suns," $4,437,000.00 "
223,Ziaire Williams, F,Memphis Grizzlies," $4,373,040.00 "
224,Bobby Portis, F,Milwaukee Bucks," $4,347,600.00 "
225,Maurice Harkless, SF,Sacramento Kings," $4,347,600.00 "
226,Kevin Huerter, SG,Atlanta Hawks," $4,253,357.00 "
227,Devin Vassell, SG,San Antonio Spurs," $4,235,160.00 "
228,P.J. Washington, PF,Charlotte Hornets," $4,215,120.00 "
229,James Bouknight, SG,Charlotte Hornets," $4,154,400.00 "
230,Willie Cauley-Stein, C,Philadelphia 76ers," $4,100,000.00 "
231,Josh Okogie, SF,Minnesota Timberwolves," $4,087,904.00 "
232,Grayson Allen, SG,Milwaukee Bucks," $4,054,695.00 "
233,Jarred Vanderbilt, PF,Minnesota Timberwolves," $4,050,000.00 "
234,Tyrese Haliburton, PG,Indiana Pacers," $4,023,600.00 "
235,Chandler Hutchison, SF,Phoenix Suns," $4,019,459.00 "
236,Tyler Herro, PG,Miami Heat," $4,004,280.00 "
237,Gorgui Dieng, C,Atlanta Hawks," $4,000,000.00 "
238,Terence Davis, SG,Sacramento Kings," $4,000,000.00 "
239,Dorian Finney-Smith, PF,Dallas Mavericks," $4,000,000.00 "
240,George Hill, PG,Milwaukee Bucks," $4,000,000.00 "
241,Aaron Holiday, G,Phoenix Suns," $3,980,551.00 "
242,Joshua Primo, SG,San Antonio Spurs," $3,946,800.00 "
243,Jake Layman, F,Minnesota Timberwolves," $3,940,185.00 "
244,Anfernee Simons, SG,Portland Trail Blazers," $3,938,818.00 "
245,Justise Winslow, PF,Portland Trail Blazers," $3,902,439.00 "
246,Kira Lewis Jr., PG,New Orleans Pelicans," $3,822,240.00 "
247,Romeo Langford, SG,San Antonio Spurs," $3,804,360.00 "
248,Landry Shamet, SG,Phoenix Suns," $3,768,342.00 "
249,Chris Duarte, SG,Indiana Pacers," $3,749,400.00 "
250,Alex Len, C,Sacramento Kings," $3,732,000.00 "
251,Gabriel Deck, SF,Oklahoma City Thunder," $3,676,852.00 "
252,Robert Williams III, C,Boston Celtics," $3,661,976.00 "
253,Aaron Nesmith, SF,Boston Celtics," $3,631,200.00 "
254,Sekou Doumbouya, SF,Los Angeles Lakers," $3,613,680.00 "
255,Moses Moody, SG,Golden State Warriors," $3,562,200.00 "
256,Boban Marjanovic, C,Dallas Mavericks," $3,500,000.00 "
257,Cole Anthony, PG,Orlando Magic," $3,449,400.00 "
258,Corey Kispert, SF,Washington Wizards," $3,383,640.00 "
259,Mike Muscala, C,Oklahoma City Thunder," $3,365,385.00 "
260,Georges Niang, SF,Philadelphia 76ers," $3,300,000.00 "
261,Michael Carter-Williams, G,Orlando Magic," $3,300,000.00 "
262,Chuma Okeke, PF,Orlando Magic," $3,277,080.00 "
263,Isaiah Stewart, C,Detroit Pistons," $3,277,080.00 "
264,Nickeil Alexander-Walker, SG,Utah Jazz," $3,261,480.00 "
265,Alperen Sengun, C,Houston Rockets," $3,214,680.00 "
266,Facundo Campazzo, G,Denver Nuggets," $3,200,000.00 "
267,Nicolas Batum, PF,LA Clippers," $3,170,029.00 "
268,Trey Burke, PG,Dallas Mavericks," $3,150,000.00 "
269,Aleksej Pokusevski, F,Oklahoma City Thunder," $3,113,160.00 "
270,Goga Bitadze, C,Indiana Pacers," $3,098,400.00 "
271,Trey Murphy III, SG,New Orleans Pelicans," $3,053,760.00 "
272,Frank Jackson, G,Detroit Pistons," $3,000,000.00 "
273,Sterling Brown, SF,Dallas Mavericks," $3,000,000.00 "
274,Luka Samanic, F,Utah Jazz," $2,959,080.00 "
275,Josh Green, SG,Dallas Mavericks," $2,957,520.00 "
276,Tre Mann, PG,Oklahoma City Thunder," $2,901,240.00 "
277,Matisse Thybulle, SG,Philadelphia 76ers," $2,840,160.00 "
278,Saddiq Bey, SF,Detroit Pistons," $2,824,320.00 "
279,Kai Jones, PF,Charlotte Hornets," $2,770,560.00 "
280,Brandon Clarke, PF,Memphis Grizzlies," $2,726,880.00 "
281,Precious Achiuwa, PF,Toronto Raptors," $2,711,280.00 "
282,Marc Gasol, C,Los Angeles Lakers," $2,692,991.00 "
283,Anthony Tolliver, PF,New Orleans Pelicans," $2,692,991.00 "
284,Jalen Johnson, SF,Atlanta Hawks," $2,659,580.00 "
285,Grant Williams, PF,Boston Celtics," $2,617,800.00 "
286,Tyrese Maxey, PG,Philadelphia 76ers," $2,602,920.00 "
287,Keon Johnson, SG,Portland Trail Blazers," $2,553,120.00 "
288,Darius Bazley, PF,Oklahoma City Thunder," $2,513,040.00 "
289,Trey Lyles, PF,Sacramento Kings," $2,500,000.00 "
290,Zeke Nnaji, PF,Denver Nuggets," $2,498,760.00 "
291,Isaiah Jackson, SF,Indiana Pacers," $2,451,240.00 "
292,Ty Jerome, SG,Oklahoma City Thunder," $2,412,840.00 "
293,Leandro Bolmaro, F,Minnesota Timberwolves," $2,353,320.00 "
294,Usman Garuba, PF,Houston Rockets," $2,353,320.00 "
295,Willy Hernangomez, C,New Orleans Pelicans," $2,327,220.00 "
296,Edmond Sumner, PG,Brooklyn Nets," $2,320,000.00 "
297,Nassir Little, SF,Portland Trail Blazers," $2,316,240.00 "
298,R.J. Hampton, PG,Orlando Magic," $2,303,040.00 "
299,Josh Christopher, SG,Houston Rockets," $2,259,240.00 "
300,Dylan Windler, SG,Cleveland Cavaliers," $2,239,200.00 "
301,Immanuel Quickley, SG,New York Knicks," $2,210,640.00 "
302,John Konchar, SG,Memphis Grizzlies," $2,200,000.00 "
303,Quentin Grimes, SG,New York Knicks," $2,168,760.00 "
304,Jordan Poole, SG,Golden State Warriors," $2,161,440.00 "
305,Bol Bol, C,Denver Nuggets," $2,161,152.00 "
306,Keldon Johnson, SF,San Antonio Spurs," $2,145,720.00 "
307,Payton Pritchard, PG,Boston Celtics," $2,137,440.00 "
308,Jahlil Okafor, C,Atlanta Hawks," $2,130,023.00 "
309,Bones Hyland, PG,Denver Nuggets," $2,096,880.00 "
310,Udoka Azubuike, C,Utah Jazz," $2,075,880.00 "
311,Jaden McDaniels, PF,Minnesota Timberwolves," $2,063,280.00 "
312,Malachi Flynn, PG,Toronto Raptors," $2,048,040.00 "
313,Cam Thomas, SG,Brooklyn Nets," $2,036,280.00 "
314,Desmond Bane, SG,Memphis Grizzlies," $2,033,160.00 "
315,Jaden Springer, G,Philadelphia 76ers," $2,023,800.00 "
316,Day'Ron Sharpe, C,Brooklyn Nets," $2,009,040.00 "
317,Theo Maledon, PG,Oklahoma City Thunder," $2,000,000.00 "
318,Jeremiah Robinson-Earl, PF,Oklahoma City Thunder," $2,000,000.00 "
319,Kenrich Williams, SF,Oklahoma City Thunder," $2,000,000.00 "
320,Abdel Nader, SF,Phoenix Suns," $2,000,000.00 "
321,Jordan McLaughlin, PG,Minnesota Timberwolves," $2,000,000.00 "
322,Garrison Mathews, SG,Houston Rockets," $2,000,000.00 "
323,Santi Aldama, PF,Memphis Grizzlies," $1,994,520.00 "
324,Damian Jones, C,Sacramento Kings," $1,977,011.00 "
325,Jontay Porter, PF,Memphis Grizzlies," $1,950,000.00 "
326,Denzel Valentine, G,Utah Jazz," $1,939,350.00 "
327,PJ Dozier, G,Denver Nuggets," $1,910,860.00 "
328,Damion Lee, SG,Golden State Warriors," $1,910,860.00 "
329,Killian Tillie, SF,Memphis Grizzlies," $1,901,625.00 "
330,Shake Milton, SG,Philadelphia 76ers," $1,846,738.00 "
331,Wes Iwundu, F,Atlanta Hawks," $1,824,003.00 "
332,Dwayne Bacon, SG,Los Angeles Lakers," $1,824,003.00 "
333,Mitchell Robinson, C,New York Knicks," $1,802,057.00 "
334,Jalen Brunson, PG,Dallas Mavericks," $1,802,057.00 "
335,Didi Louzada, SF,Portland Trail Blazers," $1,786,878.00 "
336,Cody Martin, SF,Charlotte Hornets," $1,782,621.00 "
337,Daniel Gafford, C,Washington Wizards," $1,782,621.00 "
338,Luguentz Dort, G,Oklahoma City Thunder," $1,782,621.00 "
339,KZ Okpala, SF,Miami Heat," $1,782,621.00 "
340,Jalen McDaniels, PF,Charlotte Hornets," $1,782,621.00 "
341,Isaiah Roby, F,Oklahoma City Thunder," $1,782,621.00 "
342,Nic Claxton, C,Brooklyn Nets," $1,782,621.00 "
343,Naz Reid, C,Minnesota Timberwolves," $1,782,621.00 "
344,Jaylen Nowell, SG,Minnesota Timberwolves," $1,782,621.00 "
345,Eric Paschall, F,Utah Jazz," $1,782,621.00 "
346,Mychal Mulder, G,Miami Heat," $1,782,621.00 "
347,Caleb Martin, SF,Miami Heat," $1,782,621.00 "
348,Terance Mann, SG,LA Clippers," $1,782,621.00 "
349,Yogi Ferrell, PG,LA Clippers," $1,782,621.00 "
350,Kevin Porter Jr., SG,Houston Rockets," $1,782,621.00 "
351,Alen Smailagic, PF,Golden State Warriors," $1,782,621.00 "
352,Carsen Edwards, PG,Detroit Pistons," $1,782,621.00 "
353,Vlatko Cancar, SF,Denver Nuggets," $1,782,621.00 "
354,Dean Wade, PF,Cleveland Cavaliers," $1,782,621.00 "
355,Miye Oni, SG,Utah Jazz," $1,782,621.00 "
356,Bruno Fernando, PF,Houston Rockets," $1,782,621.00 "
357,Chimezie Metu, PF,Sacramento Kings," $1,762,796.00 "
358,Drew Eubanks, PF,Portland Trail Blazers," $1,762,796.00 "
359,Yuta Watanabe, SF,Toronto Raptors," $1,762,796.00 "
360,Khyri Thomas, SG,Houston Rockets," $1,762,796.00 "
361,Svi Mykhailiuk, SG,Toronto Raptors," $1,729,217.00 "
362,Keita Bates-Diop, SF,San Antonio Spurs," $1,729,217.00 "
363,Moritz Wagner, C,Orlando Magic," $1,729,217.00 "
364,Juan Toscano-Anderson, SF,Golden State Warriors," $1,701,593.00 "
365,Paul Watson, SG,Oklahoma City Thunder," $1,701,593.00 "
366,Charlie Brown Jr., G,Philadelphia 76ers," $1,701,593.00 "
367,Oshae Brissett, SF,Indiana Pacers," $1,701,593.00 "
368,Tyler Cook, F,Chicago Bulls," $1,701,593.00 "
369,Kelan Martin, SG,Boston Celtics," $1,701,593.00 "
370,Mfiondu Kabengele, C,Boston Celtics," $1,701,593.00 "
371,Herbert Jones, SF,New Orleans Pelicans," $1,700,000.00 "
372,Isaac Bonga, G,Toronto Raptors," $1,669,178.00 "
373,Sam Dekker, F,Toronto Raptors," $1,669,178.00 "
374,Otto Porter Jr., SF,Golden State Warriors," $1,669,178.00 "
375,Jarrell Brantley, PF,Utah Jazz," $1,669,178.00 "
376,Hassan Whiteside, C,Utah Jazz," $1,669,178.00 "
377,Malik Monk, SG,Los Angeles Lakers," $1,669,178.00 "
378,Kent Bazemore, SF,Los Angeles Lakers," $1,669,178.00 "
379,Ben McLemore, SG,Portland Trail Blazers," $1,669,178.00 "
380,Timothe Luwawu-Cabarrot, SG,Atlanta Hawks," $1,669,178.00 "
381,Elfrid Payton, PG,Phoenix Suns," $1,669,178.00 "
382,Dewayne Dedmon, C,Miami Heat," $1,669,178.00 "
383,Paul Millsap, PF,Philadelphia 76ers," $1,669,178.00 "
384,E'Twaun Moore, G,Orlando Magic," $1,669,178.00 "
385,Isaiah Hartenstein, C,LA Clippers," $1,669,178.00 "
386,Solomon Hill, SF,Atlanta Hawks," $1,669,178.00 "
387,LaMarcus Aldridge, C,Brooklyn Nets," $1,669,178.00 "
388,Austin Rivers, SG,Denver Nuggets," $1,669,178.00 "
389,Thanasis Antetokounmpo, SF,Milwaukee Bucks," $1,669,178.00 "
390,Max Strus, SG,Miami Heat," $1,669,178.00 "
391,Gabe Vincent, PG,Miami Heat," $1,669,178.00 "
392,Victor Oladipo, SG,Miami Heat," $1,669,178.00 "
393,Udonis Haslem, PF,Miami Heat," $1,669,178.00 "
394,Avery Bradley, PG,Los Angeles Lakers," $1,669,178.00 "
395,Wayne Ellington, SG,Los Angeles Lakers," $1,669,178.00 "
396,Trevor Ariza, SF,Los Angeles Lakers," $1,669,178.00 "
397,Dwight Howard, C,Los Angeles Lakers," $1,669,178.00 "
398,Carmelo Anthony, PF,Los Angeles Lakers," $1,669,178.00 "
399,Semi Ojeleye, PF,LA Clippers," $1,669,178.00 "
400,Rodney Hood, SG,LA Clippers," $1,669,178.00 "
401,James Johnson, PF,Brooklyn Nets," $1,669,178.00 "
402,Frank Kaminsky, PF,Phoenix Suns," $1,669,178.00 "
403,Gary Payton II, SG,Golden State Warriors," $1,669,178.00 "
404,Nemanja Bjelica, PF,Golden State Warriors," $1,669,178.00 "
405,Andre Iguodala, F,Golden State Warriors," $1,669,178.00 "
406,Rodney McGruder, G,Detroit Pistons," $1,669,178.00 "
407,Frank Ntilikina, PG,Dallas Mavericks," $1,669,178.00 "
408,Markieff Morris, PF,Miami Heat," $1,669,178.00 "
409,Raul Neto, PG,Washington Wizards," $1,669,178.00 "
410,Kevin Pangos, G,Cleveland Cavaliers," $1,669,178.00 "
411,Ed Davis, C,Cleveland Cavaliers," $1,669,178.00 "
412,Rajon Rondo, PG,Cleveland Cavaliers," $1,669,178.00 "
413,Tony Bradley, C,Chicago Bulls," $1,669,178.00 "
414,Matt Thomas, SG,Chicago Bulls," $1,669,178.00 "
415,Javonte Green, SF,Chicago Bulls," $1,669,178.00 "
416,Andre Drummond, C,Brooklyn Nets," $1,669,178.00 "
417,Tony Snell, SF,New Orleans Pelicans," $1,669,178.00 "
418,Jabari Parker, PF,Boston Celtics," $1,669,178.00 "
419,Enes Freedom, C,Boston Celtics," $1,669,178.00 "
420,Blake Griffin, PF,Brooklyn Nets," $1,669,178.00 "
421,Nick Richards, C,Charlotte Hornets," $1,517,981.00 "
422,Tyrell Terry, PG,Memphis Grizzlies," $1,517,981.00 "
423,Xavier Tillman, F,Memphis Grizzlies," $1,517,981.00 "
424,Daniel Oturu, C,Toronto Raptors," $1,517,981.00 "
425,Vernon Carey Jr., C,Washington Wizards," $1,517,981.00 "
426,Caleb Homesley, SG,Washington Wizards," $1,517,981.00 "
427,Anthony Gill, PF,Washington Wizards," $1,517,981.00 "
428,Robert Woodard II, F,Sacramento Kings," $1,517,981.00 "
429,Isaiah Joe, SG,Philadelphia 76ers," $1,517,981.00 "
430,Tre Jones, PG,San Antonio Spurs," $1,517,981.00 "
431,Jahmi'us Ramsey, SG,Sacramento Kings," $1,517,981.00 "
432,Elijah Hughes, F,Portland Trail Blazers," $1,517,981.00 "
433,Paul Reed, SF,Philadelphia 76ers," $1,517,981.00 "
434,CJ Elleby, SG,Portland Trail Blazers," $1,517,981.00 "
435,Elijah Bryant, SG,Milwaukee Bucks," $1,517,981.00 "
436,Deividas Sirvydis, F,Detroit Pistons," $1,517,981.00 "
437,Jordan Nwora, SF,Milwaukee Bucks," $1,517,981.00 "
438,Kenyon Martin Jr., F,Houston Rockets," $1,517,981.00 "
439,Jae'Sean Tate, SF,Houston Rockets," $1,517,981.00 "
440,Sam Merrill, SG,Memphis Grizzlies," $1,517,981.00 "
441,Lamar Stevens, F,Cleveland Cavaliers," $1,517,981.00 "
442,Mamadi Diakite, F,Oklahoma City Thunder," $1,517,981.00 "
443,Naji Marshall, SF,New Orleans Pelicans," $1,517,981.00 "
444,Isaiah Todd, PF,Washington Wizards," $1,500,000.00 "
445,Saben Lee, G,Detroit Pistons," $1,489,065.00 "
446,Omer Yurtseven, C,Miami Heat," $1,489,065.00 "
447,JT Thor, F,Charlotte Hornets," $1,250,000.00 "
448,Wesley Matthews, SG,Milwaukee Bucks," $1,237,494.00 "
449,Alfonzo McKinnie, F,Chicago Bulls," $1,090,007.00 "
450,Jason Preston, PG,LA Clippers," $1,062,303.00 "
451,Isaiah Livers, PF,Detroit Pistons," $1,057,260.00 "
452,Tristan Thompson, C,Chicago Bulls," $1,000,000.00 "
453,Marquese Chriss, SF,Dallas Mavericks," $958,529.00 "
454,Duane Washington Jr., PG,Indiana Pacers," $950,000.00 "
455,Dalano Banton, PG,Toronto Raptors," $925,258.00 "
456,Georgios Kalaitzakis, SF,Oklahoma City Thunder," $925,258.00 "
457,Jared Butler, SG,Utah Jazz," $925,258.00 "
458,Charles Bassey, C,Philadelphia 76ers," $925,258.00 "
459,Greg Brown III, PF,Portland Trail Blazers," $925,258.00 "
460,Jock Landale, C,San Antonio Spurs," $925,258.00 "
461,Miles McBride, PG,New York Knicks," $925,258.00 "
462,Luka Garza, C,Detroit Pistons," $925,258.00 "
463,Austin Reaves, SG,Los Angeles Lakers," $925,258.00 "
464,Brandon Boston Jr., SG,LA Clippers," $925,258.00 "
465,Marko Simonovic, C,Chicago Bulls," $925,258.00 "
466,Ayo Dosunmu, SG,Chicago Bulls," $925,258.00 "
467,Vit Krejci, G,Oklahoma City Thunder," $925,258.00 "
468,Stanley Johnson, SF,Los Angeles Lakers," $888,616.00 "
469,Bismack Biyombo, C,Phoenix Suns," $863,368.00 "
470,Lance Stephenson, G,Indiana Pacers," $642,729.00 "
471,Daishen Nix, SG,Houston Rockets," $612,000.00 "
472,Terry Taylor, F,Indiana Pacers," $600,000.00 "
473,Danuel House Jr., SF,Utah Jazz," $565,986.00 "
474,Luke Kornet, C,Boston Celtics," $565,986.00 "
475,Keifer Sykes, G,Indiana Pacers," $558,345.00 "
476,Ryan Arcidiacono, G,New York Knicks," $546,800.00 "
477,DeAndre' Bembry, SG,Milwaukee Bucks," $518,021.00 "
478,Goran Dragic, PG,Brooklyn Nets," $460,463.00 "
479,Jevon Carter, PG,Milwaukee Bucks," $441,277.00 "
480,Trendon Watford, PF,Portland Trail Blazers," $436,482.00 "
481,Nik Stauskas, G,Boston Celtics," $432,536.00 "
482,DeMarcus Cousins, C,Denver Nuggets," $431,684.00 "
483,D.J. Augustin, G,Los Angeles Lakers," $393,312.00 "
484,DeAndre Jordan, C,Philadelphia 76ers," $374,126.00 "
485,Devontae Cacok, PF,San Antonio Spurs," $364,353.00 "
486,Sam Hauser, SF,Boston Celtics," $313,737.00 "
487,Haywood Highsmith, F,Miami Heat," $290,967.00 "
488,Malik Fitts, F,Boston Celtics," $231,062.00 "
489,Joe Wieskamp, SF,San Antonio Spurs," $202,068.00 "
490,Isaiah Thomas, G,Charlotte Hornets," $191,860.00 "
491,Amir Coffey, SG,LA Clippers," $153,488.00 "
492,Jose Alvarado, PG,New Orleans Pelicans," $150,000.00 "
493,Armoni Brooks, G,Toronto Raptors," $136,926.00 "
494,Devin Cannady, G,Orlando Magic," $100,000.00 "
495,Luca Vildoza, G,Milwaukee Bucks," $42,789.00 "
496,Rayjon Tucker, G,Milwaukee Bucks," $28,779.00 "
497,Juwan Morgan, F,Toronto Raptors," $19,816.00 "
498,Moses Brown, C,Cleveland Cavaliers," $19,186.00 "
499,Xavier Sneed, F,Utah Jazz," $8,558.00 "
500,Kessler Edwards, SF,Brooklyn Nets," $5,318.00 "
501,Ish Wainright, F,Phoenix Suns," $5,318.00 "
